,CX depth,# CX,depth,Rz depth,# Rz,Rx depth,# Rx,time,filename,gadgets,qubits,architecture,method
0,40,50,41,1,1,0,0,0 days 00:00:00.066291000,circuits/20qubits/1gadgets/Original6.qasm,1,20,ibmq_singapore,proposed
0,65,70,66,1,1,0,0,0 days 00:00:00.014126000,circuits/20qubits/1gadgets/Original6.qasm,1,20,ibmq_singapore,staq
0,25,25,26,1,1,0,0,0 days 00:00:00.006977000,circuits/20qubits/1gadgets/Original6.qasm,1,20,ibmq_singapore,tket
0,36,36,37,1,1,0,0,0 days 00:00:00.066337000,circuits/20qubits/1gadgets/Original16.qasm,1,20,ibmq_singapore,proposed
0,53,56,54,1,1,0,0,0 days 00:00:00.014245000,circuits/20qubits/1gadgets/Original16.qasm,1,20,ibmq_singapore,staq
0,19,19,20,1,1,0,0,0 days 00:00:00.005347000,circuits/20qubits/1gadgets/Original16.qasm,1,20,ibmq_singapore,tket
0,30,38,31,1,1,0,0,0 days 00:00:00.067118000,circuits/20qubits/1gadgets/Original17.qasm,1,20,ibmq_singapore,proposed
0,67,76,68,1,1,0,0,0 days 00:00:00.014605000,circuits/20qubits/1gadgets/Original17.qasm,1,20,ibmq_singapore,staq
0,29,29,30,1,1,0,0,0 days 00:00:00.007209000,circuits/20qubits/1gadgets/Original17.qasm,1,20,ibmq_singapore,tket
0,38,44,39,1,1,0,0,0 days 00:00:00.069592000,circuits/20qubits/1gadgets/Original7.qasm,1,20,ibmq_singapore,proposed
0,75,84,76,1,1,0,0,0 days 00:00:00.016428000,circuits/20qubits/1gadgets/Original7.qasm,1,20,ibmq_singapore,staq
0,35,35,36,1,1,0,0,0 days 00:00:00.008311000,circuits/20qubits/1gadgets/Original7.qasm,1,20,ibmq_singapore,tket
0,50,50,51,1,1,0,0,0 days 00:00:00.070369000,circuits/20qubits/1gadgets/Original10.qasm,1,20,ibmq_singapore,proposed
0,83,94,84,1,1,0,0,0 days 00:00:00.013776000,circuits/20qubits/1gadgets/Original10.qasm,1,20,ibmq_singapore,staq
0,25,25,26,1,1,0,0,0 days 00:00:00.006422000,circuits/20qubits/1gadgets/Original10.qasm,1,20,ibmq_singapore,tket
0,28,30,29,1,1,0,0,0 days 00:00:00.067042000,circuits/20qubits/1gadgets/Original0.qasm,1,20,ibmq_singapore,proposed
0,50,58,51,1,1,0,0,0 days 00:00:00.013988000,circuits/20qubits/1gadgets/Original0.qasm,1,20,ibmq_singapore,staq
0,25,25,26,1,1,0,0,0 days 00:00:00.006260000,circuits/20qubits/1gadgets/Original0.qasm,1,20,ibmq_singapore,tket
0,44,44,45,1,1,0,0,0 days 00:00:00.067349000,circuits/20qubits/1gadgets/Original1.qasm,1,20,ibmq_singapore,proposed
0,41,42,42,1,1,0,0,0 days 00:00:00.013453000,circuits/20qubits/1gadgets/Original1.qasm,1,20,ibmq_singapore,staq
0,19,19,20,1,1,0,0,0 days 00:00:00.005471000,circuits/20qubits/1gadgets/Original1.qasm,1,20,ibmq_singapore,tket
0,26,40,27,1,1,0,0,0 days 00:00:00.067573000,circuits/20qubits/1gadgets/Original11.qasm,1,20,ibmq_singapore,proposed
0,106,114,107,1,1,0,0,0 days 00:00:00.014307000,circuits/20qubits/1gadgets/Original11.qasm,1,20,ibmq_singapore,staq
0,27,27,28,1,1,0,0,0 days 00:00:00.006999000,circuits/20qubits/1gadgets/Original11.qasm,1,20,ibmq_singapore,tket
0,36,42,37,1,1,0,0,0 days 00:00:00.068176000,circuits/20qubits/1gadgets/Original12.qasm,1,20,ibmq_singapore,proposed
0,61,64,62,1,1,0,0,0 days 00:00:00.015155000,circuits/20qubits/1gadgets/Original12.qasm,1,20,ibmq_singapore,staq
0,25,25,26,1,1,0,0,0 days 00:00:00.007434000,circuits/20qubits/1gadgets/Original12.qasm,1,20,ibmq_singapore,tket
0,44,48,45,1,1,0,0,0 days 00:00:00.067502000,circuits/20qubits/1gadgets/Original2.qasm,1,20,ibmq_singapore,proposed
0,39,46,40,1,1,0,0,0 days 00:00:00.013465000,circuits/20qubits/1gadgets/Original2.qasm,1,20,ibmq_singapore,staq
0,23,23,24,1,1,0,0,0 days 00:00:00.005880000,circuits/20qubits/1gadgets/Original2.qasm,1,20,ibmq_singapore,tket
0,30,36,31,1,1,0,0,0 days 00:00:00.067976000,circuits/20qubits/1gadgets/Original3.qasm,1,20,ibmq_singapore,proposed
0,51,62,52,1,1,0,0,0 days 00:00:00.014631000,circuits/20qubits/1gadgets/Original3.qasm,1,20,ibmq_singapore,staq
0,31,31,32,1,1,0,0,0 days 00:00:00.008271000,circuits/20qubits/1gadgets/Original3.qasm,1,20,ibmq_singapore,tket
0,36,44,37,1,1,0,0,0 days 00:00:00.068789000,circuits/20qubits/1gadgets/Original13.qasm,1,20,ibmq_singapore,proposed
0,62,68,63,1,1,0,0,0 days 00:00:00.014185000,circuits/20qubits/1gadgets/Original13.qasm,1,20,ibmq_singapore,staq
0,31,31,32,1,1,0,0,0 days 00:00:00.007785000,circuits/20qubits/1gadgets/Original13.qasm,1,20,ibmq_singapore,tket
0,30,34,31,1,1,0,0,0 days 00:00:00.067225000,circuits/20qubits/1gadgets/Original18.qasm,1,20,ibmq_singapore,proposed
0,55,58,56,1,1,0,0,0 days 00:00:00.013974000,circuits/20qubits/1gadgets/Original18.qasm,1,20,ibmq_singapore,staq
0,21,21,22,1,1,0,0,0 days 00:00:00.005591000,circuits/20qubits/1gadgets/Original18.qasm,1,20,ibmq_singapore,tket
0,40,46,41,1,1,0,0,0 days 00:00:00.067017000,circuits/20qubits/1gadgets/Original4.qasm,1,20,ibmq_singapore,proposed
0,44,48,45,1,1,0,0,0 days 00:00:00.013586000,circuits/20qubits/1gadgets/Original4.qasm,1,20,ibmq_singapore,staq
0,21,21,22,1,1,0,0,0 days 00:00:00.006108000,circuits/20qubits/1gadgets/Original4.qasm,1,20,ibmq_singapore,tket
0,26,26,27,1,1,0,0,0 days 00:00:00.067137000,circuits/20qubits/1gadgets/Original14.qasm,1,20,ibmq_singapore,proposed
0,51,54,52,1,1,0,0,0 days 00:00:00.013183000,circuits/20qubits/1gadgets/Original14.qasm,1,20,ibmq_singapore,staq
0,21,21,22,1,1,0,0,0 days 00:00:00.005499000,circuits/20qubits/1gadgets/Original14.qasm,1,20,ibmq_singapore,tket
0,42,46,43,1,1,0,0,0 days 00:00:00.067991000,circuits/20qubits/1gadgets/Original8.qasm,1,20,ibmq_singapore,proposed
0,80,96,81,1,1,0,0,0 days 00:00:00.014038000,circuits/20qubits/1gadgets/Original8.qasm,1,20,ibmq_singapore,staq
0,25,25,26,1,1,0,0,0 days 00:00:00.006183000,circuits/20qubits/1gadgets/Original8.qasm,1,20,ibmq_singapore,tket
0,36,38,37,1,1,0,0,0 days 00:00:00.068649000,circuits/20qubits/1gadgets/Original9.qasm,1,20,ibmq_singapore,proposed
0,85,90,86,1,1,0,0,0 days 00:00:00.014399000,circuits/20qubits/1gadgets/Original9.qasm,1,20,ibmq_singapore,staq
0,29,29,30,1,1,0,0,0 days 00:00:00.007570000,circuits/20qubits/1gadgets/Original9.qasm,1,20,ibmq_singapore,tket
0,42,42,43,1,1,0,0,0 days 00:00:00.081538000,circuits/20qubits/1gadgets/Original15.qasm,1,20,ibmq_singapore,proposed
0,64,72,65,1,1,0,0,0 days 00:00:00.013826000,circuits/20qubits/1gadgets/Original15.qasm,1,20,ibmq_singapore,staq
0,21,21,22,1,1,0,0,0 days 00:00:00.005959000,circuits/20qubits/1gadgets/Original15.qasm,1,20,ibmq_singapore,tket
0,34,46,35,1,1,0,0,0 days 00:00:00.067973000,circuits/20qubits/1gadgets/Original5.qasm,1,20,ibmq_singapore,proposed
0,34,44,35,1,1,0,0,0 days 00:00:00.014691000,circuits/20qubits/1gadgets/Original5.qasm,1,20,ibmq_singapore,staq
0,25,25,26,1,1,0,0,0 days 00:00:00.007862000,circuits/20qubits/1gadgets/Original5.qasm,1,20,ibmq_singapore,tket
0,26,32,27,1,1,0,0,0 days 00:00:00.066864000,circuits/20qubits/1gadgets/Original19.qasm,1,20,ibmq_singapore,proposed
0,89,96,90,1,1,0,0,0 days 00:00:00.014380000,circuits/20qubits/1gadgets/Original19.qasm,1,20,ibmq_singapore,staq
0,27,27,28,1,1,0,0,0 days 00:00:00.006698000,circuits/20qubits/1gadgets/Original19.qasm,1,20,ibmq_singapore,tket
0,145,301,146,4,5,0,0,0 days 00:00:00.127467000,circuits/20qubits/5gadgets/Original6.qasm,5,20,ibmq_singapore,proposed
0,149,220,151,4,5,0,0,0 days 00:00:00.018425000,circuits/20qubits/5gadgets/Original6.qasm,5,20,ibmq_singapore,staq
0,216,314,221,5,5,0,0,0 days 00:00:00.032383000,circuits/20qubits/5gadgets/Original6.qasm,5,20,ibmq_singapore,tket
0,118,278,118,5,5,0,0,0 days 00:00:00.120797000,circuits/20qubits/5gadgets/Original16.qasm,5,20,ibmq_singapore,proposed
0,154,273,157,4,5,0,0,0 days 00:00:00.019263000,circuits/20qubits/5gadgets/Original16.qasm,5,20,ibmq_singapore,staq
0,254,373,259,5,5,0,0,0 days 00:00:00.038342000,circuits/20qubits/5gadgets/Original16.qasm,5,20,ibmq_singapore,tket
0,127,265,127,3,5,0,0,0 days 00:00:00.127537000,circuits/20qubits/5gadgets/Original17.qasm,5,20,ibmq_singapore,proposed
0,154,230,155,4,5,0,0,0 days 00:00:00.017871000,circuits/20qubits/5gadgets/Original17.qasm,5,20,ibmq_singapore,staq
0,194,252,199,5,5,0,0,0 days 00:00:00.026817000,circuits/20qubits/5gadgets/Original17.qasm,5,20,ibmq_singapore,tket
0,133,278,134,4,5,0,0,0 days 00:00:00.136441000,circuits/20qubits/5gadgets/Original7.qasm,5,20,ibmq_singapore,proposed
0,85,143,87,5,5,0,0,0 days 00:00:00.020688000,circuits/20qubits/5gadgets/Original7.qasm,5,20,ibmq_singapore,staq
0,206,280,211,5,5,0,0,0 days 00:00:00.029451000,circuits/20qubits/5gadgets/Original7.qasm,5,20,ibmq_singapore,tket
0,123,272,123,3,5,0,0,0 days 00:00:00.122388000,circuits/20qubits/5gadgets/Original10.qasm,5,20,ibmq_singapore,proposed
0,194,313,196,4,5,0,0,0 days 00:00:00.020256000,circuits/20qubits/5gadgets/Original10.qasm,5,20,ibmq_singapore,staq
0,199,309,203,5,5,0,0,0 days 00:00:00.031751000,circuits/20qubits/5gadgets/Original10.qasm,5,20,ibmq_singapore,tket
0,153,314,153,4,5,0,0,0 days 00:00:00.128567000,circuits/20qubits/5gadgets/Original0.qasm,5,20,ibmq_singapore,proposed
0,90,172,94,5,5,0,0,0 days 00:00:00.018371000,circuits/20qubits/5gadgets/Original0.qasm,5,20,ibmq_singapore,staq
0,148,237,153,5,5,0,0,0 days 00:00:00.027236000,circuits/20qubits/5gadgets/Original0.qasm,5,20,ibmq_singapore,tket
0,144,277,144,2,5,0,0,0 days 00:00:00.132485000,circuits/20qubits/5gadgets/Original1.qasm,5,20,ibmq_singapore,proposed
0,109,178,111,4,5,0,0,0 days 00:00:00.020649000,circuits/20qubits/5gadgets/Original1.qasm,5,20,ibmq_singapore,staq
0,179,283,184,5,5,0,0,0 days 00:00:00.032589000,circuits/20qubits/5gadgets/Original1.qasm,5,20,ibmq_singapore,tket
0,140,324,140,4,5,0,0,0 days 00:00:00.125799000,circuits/20qubits/5gadgets/Original11.qasm,5,20,ibmq_singapore,proposed
0,149,265,152,5,5,0,0,0 days 00:00:00.018480000,circuits/20qubits/5gadgets/Original11.qasm,5,20,ibmq_singapore,staq
0,229,285,234,5,5,0,0,0 days 00:00:00.029316000,circuits/20qubits/5gadgets/Original11.qasm,5,20,ibmq_singapore,tket
0,125,251,125,3,5,0,0,0 days 00:00:00.130296000,circuits/20qubits/5gadgets/Original12.qasm,5,20,ibmq_singapore,proposed
0,128,243,129,5,5,0,0,0 days 00:00:00.019544000,circuits/20qubits/5gadgets/Original12.qasm,5,20,ibmq_singapore,staq
0,270,362,275,5,5,0,0,0 days 00:00:00.037776000,circuits/20qubits/5gadgets/Original12.qasm,5,20,ibmq_singapore,tket
0,159,322,159,5,5,0,0,0 days 00:00:00.142710000,circuits/20qubits/5gadgets/Original2.qasm,5,20,ibmq_singapore,proposed
0,90,151,93,5,5,0,0,0 days 00:00:00.018247000,circuits/20qubits/5gadgets/Original2.qasm,5,20,ibmq_singapore,staq
0,235,303,240,5,5,0,0,0 days 00:00:00.029319000,circuits/20qubits/5gadgets/Original2.qasm,5,20,ibmq_singapore,tket
0,142,311,142,4,5,0,0,0 days 00:00:00.135958000,circuits/20qubits/5gadgets/Original3.qasm,5,20,ibmq_singapore,proposed
0,136,206,137,5,5,0,0,0 days 00:00:00.019025000,circuits/20qubits/5gadgets/Original3.qasm,5,20,ibmq_singapore,staq
0,154,257,159,5,5,0,0,0 days 00:00:00.029061000,circuits/20qubits/5gadgets/Original3.qasm,5,20,ibmq_singapore,tket
0,106,242,106,4,5,0,0,0 days 00:00:00.120272000,circuits/20qubits/5gadgets/Original13.qasm,5,20,ibmq_singapore,proposed
0,120,217,121,5,5,0,0,0 days 00:00:00.019945000,circuits/20qubits/5gadgets/Original13.qasm,5,20,ibmq_singapore,staq
0,213,326,217,5,5,0,0,0 days 00:00:00.031292000,circuits/20qubits/5gadgets/Original13.qasm,5,20,ibmq_singapore,tket
0,149,283,149,3,5,0,0,0 days 00:00:00.155284000,circuits/20qubits/5gadgets/Original18.qasm,5,20,ibmq_singapore,proposed
0,120,222,121,4,5,0,0,0 days 00:00:00.019981000,circuits/20qubits/5gadgets/Original18.qasm,5,20,ibmq_singapore,staq
0,179,270,184,5,5,0,0,0 days 00:00:00.028177000,circuits/20qubits/5gadgets/Original18.qasm,5,20,ibmq_singapore,tket
0,133,282,133,3,5,0,0,0 days 00:00:00.136501000,circuits/20qubits/5gadgets/Original4.qasm,5,20,ibmq_singapore,proposed
0,120,206,120,5,5,0,0,0 days 00:00:00.029757000,circuits/20qubits/5gadgets/Original4.qasm,5,20,ibmq_singapore,staq
0,165,232,170,5,5,0,0,0 days 00:00:00.038180000,circuits/20qubits/5gadgets/Original4.qasm,5,20,ibmq_singapore,tket
0,134,285,134,3,5,0,0,0 days 00:00:00.197657000,circuits/20qubits/5gadgets/Original14.qasm,5,20,ibmq_singapore,proposed
0,139,211,141,5,5,0,0,0 days 00:00:00.019271000,circuits/20qubits/5gadgets/Original14.qasm,5,20,ibmq_singapore,staq
0,194,283,199,5,5,0,0,0 days 00:00:00.030806000,circuits/20qubits/5gadgets/Original14.qasm,5,20,ibmq_singapore,tket
0,141,340,141,4,5,0,0,0 days 00:00:00.143734000,circuits/20qubits/5gadgets/Original8.qasm,5,20,ibmq_singapore,proposed
0,104,187,105,5,5,0,0,0 days 00:00:00.031007000,circuits/20qubits/5gadgets/Original8.qasm,5,20,ibmq_singapore,staq
0,212,318,217,5,5,0,0,0 days 00:00:00.039240000,circuits/20qubits/5gadgets/Original8.qasm,5,20,ibmq_singapore,tket
0,152,349,152,4,5,0,0,0 days 00:00:00.160227000,circuits/20qubits/5gadgets/Original9.qasm,5,20,ibmq_singapore,proposed
0,86,159,88,5,5,0,0,0 days 00:00:00.021912000,circuits/20qubits/5gadgets/Original9.qasm,5,20,ibmq_singapore,staq
0,257,316,262,5,5,0,0,0 days 00:00:00.037746000,circuits/20qubits/5gadgets/Original9.qasm,5,20,ibmq_singapore,tket
0,150,330,150,4,5,0,0,0 days 00:00:00.178964000,circuits/20qubits/5gadgets/Original15.qasm,5,20,ibmq_singapore,proposed
0,154,266,155,4,5,0,0,0 days 00:00:00.026675000,circuits/20qubits/5gadgets/Original15.qasm,5,20,ibmq_singapore,staq
0,241,328,246,5,5,0,0,0 days 00:00:00.034112000,circuits/20qubits/5gadgets/Original15.qasm,5,20,ibmq_singapore,tket
0,157,357,157,3,5,0,0,0 days 00:00:00.145567000,circuits/20qubits/5gadgets/Original5.qasm,5,20,ibmq_singapore,proposed
0,151,260,155,5,5,0,0,0 days 00:00:00.019031000,circuits/20qubits/5gadgets/Original5.qasm,5,20,ibmq_singapore,staq
0,237,277,242,5,5,0,0,0 days 00:00:00.026585000,circuits/20qubits/5gadgets/Original5.qasm,5,20,ibmq_singapore,tket
0,164,371,164,4,5,0,0,0 days 00:00:00.136678000,circuits/20qubits/5gadgets/Original19.qasm,5,20,ibmq_singapore,proposed
0,151,250,153,5,5,0,0,0 days 00:00:00.018260000,circuits/20qubits/5gadgets/Original19.qasm,5,20,ibmq_singapore,staq
0,230,329,235,5,5,0,0,0 days 00:00:00.030557000,circuits/20qubits/5gadgets/Original19.qasm,5,20,ibmq_singapore,tket
0,209,545,209,7,10,0,0,0 days 00:00:00.153593000,circuits/20qubits/10gadgets/Original6.qasm,10,20,ibmq_singapore,proposed
0,208,416,208,10,10,0,0,0 days 00:00:00.025902000,circuits/20qubits/10gadgets/Original6.qasm,10,20,ibmq_singapore,staq
0,477,731,486,10,10,0,0,0 days 00:00:00.065957000,circuits/20qubits/10gadgets/Original6.qasm,10,20,ibmq_singapore,tket
0,180,479,180,5,10,0,0,0 days 00:00:00.145907000,circuits/20qubits/10gadgets/Original16.qasm,10,20,ibmq_singapore,proposed
0,199,378,203,9,10,0,0,0 days 00:00:00.024872000,circuits/20qubits/10gadgets/Original16.qasm,10,20,ibmq_singapore,staq
0,363,578,372,10,10,0,0,0 days 00:00:00.052990000,circuits/20qubits/10gadgets/Original16.qasm,10,20,ibmq_singapore,tket
0,209,482,209,7,10,0,0,0 days 00:00:00.154836000,circuits/20qubits/10gadgets/Original17.qasm,10,20,ibmq_singapore,proposed
0,277,437,281,9,10,0,0,0 days 00:00:00.024844000,circuits/20qubits/10gadgets/Original17.qasm,10,20,ibmq_singapore,staq
0,463,638,473,10,10,0,0,0 days 00:00:00.059632000,circuits/20qubits/10gadgets/Original17.qasm,10,20,ibmq_singapore,tket
0,191,451,191,7,10,0,0,0 days 00:00:00.144681000,circuits/20qubits/10gadgets/Original7.qasm,10,20,ibmq_singapore,proposed
0,194,368,196,10,10,0,0,0 days 00:00:00.025147000,circuits/20qubits/10gadgets/Original7.qasm,10,20,ibmq_singapore,staq
0,500,747,510,10,10,0,0,0 days 00:00:00.071276000,circuits/20qubits/10gadgets/Original7.qasm,10,20,ibmq_singapore,tket
0,204,500,204,7,10,0,0,0 days 00:00:00.175318000,circuits/20qubits/10gadgets/Original10.qasm,10,20,ibmq_singapore,proposed
0,206,355,208,10,10,0,0,0 days 00:00:00.032316000,circuits/20qubits/10gadgets/Original10.qasm,10,20,ibmq_singapore,staq
0,337,517,347,10,10,0,0,0 days 00:00:00.056198000,circuits/20qubits/10gadgets/Original10.qasm,10,20,ibmq_singapore,tket
0,193,459,193,7,10,0,0,0 days 00:00:00.147020000,circuits/20qubits/10gadgets/Original0.qasm,10,20,ibmq_singapore,proposed
0,212,367,216,10,10,0,0,0 days 00:00:00.025640000,circuits/20qubits/10gadgets/Original0.qasm,10,20,ibmq_singapore,staq
0,371,541,381,10,10,0,0,0 days 00:00:00.057199000,circuits/20qubits/10gadgets/Original0.qasm,10,20,ibmq_singapore,tket
0,163,445,164,9,10,0,0,0 days 00:00:00.137392000,circuits/20qubits/10gadgets/Original1.qasm,10,20,ibmq_singapore,proposed
0,247,444,251,10,10,0,0,0 days 00:00:00.024776000,circuits/20qubits/10gadgets/Original1.qasm,10,20,ibmq_singapore,staq
0,413,545,423,10,10,0,0,0 days 00:00:00.061865000,circuits/20qubits/10gadgets/Original1.qasm,10,20,ibmq_singapore,tket
0,208,531,208,7,10,0,0,0 days 00:00:00.165872000,circuits/20qubits/10gadgets/Original11.qasm,10,20,ibmq_singapore,proposed
0,193,325,196,9,10,0,0,0 days 00:00:00.024484000,circuits/20qubits/10gadgets/Original11.qasm,10,20,ibmq_singapore,staq
0,374,581,384,10,10,0,0,0 days 00:00:00.058097000,circuits/20qubits/10gadgets/Original11.qasm,10,20,ibmq_singapore,tket
0,193,491,193,8,10,0,0,0 days 00:00:00.169056000,circuits/20qubits/10gadgets/Original12.qasm,10,20,ibmq_singapore,proposed
0,204,370,209,10,10,0,0,0 days 00:00:00.023544000,circuits/20qubits/10gadgets/Original12.qasm,10,20,ibmq_singapore,staq
0,423,515,433,10,10,0,0,0 days 00:00:00.048115000,circuits/20qubits/10gadgets/Original12.qasm,10,20,ibmq_singapore,tket
0,194,474,194,7,10,0,0,0 days 00:00:00.173517000,circuits/20qubits/10gadgets/Original2.qasm,10,20,ibmq_singapore,proposed
0,189,362,196,10,10,0,0,0 days 00:00:00.024232000,circuits/20qubits/10gadgets/Original2.qasm,10,20,ibmq_singapore,staq
0,459,634,469,10,10,0,0,0 days 00:00:00.054329000,circuits/20qubits/10gadgets/Original2.qasm,10,20,ibmq_singapore,tket
0,189,483,190,9,10,0,0,0 days 00:00:00.151870000,circuits/20qubits/10gadgets/Original3.qasm,10,20,ibmq_singapore,proposed
0,197,350,202,8,10,0,0,0 days 00:00:00.024538000,circuits/20qubits/10gadgets/Original3.qasm,10,20,ibmq_singapore,staq
0,436,623,446,10,10,0,0,0 days 00:00:00.057429000,circuits/20qubits/10gadgets/Original3.qasm,10,20,ibmq_singapore,tket
0,194,508,195,6,10,0,0,0 days 00:00:00.153008000,circuits/20qubits/10gadgets/Original13.qasm,10,20,ibmq_singapore,proposed
0,200,368,200,9,10,0,0,0 days 00:00:00.025617000,circuits/20qubits/10gadgets/Original13.qasm,10,20,ibmq_singapore,staq
0,421,566,431,10,10,0,0,0 days 00:00:00.051667000,circuits/20qubits/10gadgets/Original13.qasm,10,20,ibmq_singapore,tket
0,197,497,197,6,10,0,0,0 days 00:00:00.146226000,circuits/20qubits/10gadgets/Original18.qasm,10,20,ibmq_singapore,proposed
0,198,366,204,9,10,0,0,0 days 00:00:00.023821000,circuits/20qubits/10gadgets/Original18.qasm,10,20,ibmq_singapore,staq
0,392,566,402,10,10,0,0,0 days 00:00:00.054545000,circuits/20qubits/10gadgets/Original18.qasm,10,20,ibmq_singapore,tket
0,191,468,191,10,10,0,0,0 days 00:00:00.144356000,circuits/20qubits/10gadgets/Original4.qasm,10,20,ibmq_singapore,proposed
0,193,354,195,10,10,0,0,0 days 00:00:00.024393000,circuits/20qubits/10gadgets/Original4.qasm,10,20,ibmq_singapore,staq
0,479,755,489,10,10,0,0,0 days 00:00:00.063418000,circuits/20qubits/10gadgets/Original4.qasm,10,20,ibmq_singapore,tket
0,215,474,215,7,10,0,0,0 days 00:00:00.150052000,circuits/20qubits/10gadgets/Original14.qasm,10,20,ibmq_singapore,proposed
0,183,346,184,10,10,0,0,0 days 00:00:00.024824000,circuits/20qubits/10gadgets/Original14.qasm,10,20,ibmq_singapore,staq
0,416,591,426,10,10,0,0,0 days 00:00:00.052975000,circuits/20qubits/10gadgets/Original14.qasm,10,20,ibmq_singapore,tket
0,143,398,145,6,10,0,0,0 days 00:00:00.144672000,circuits/20qubits/10gadgets/Original8.qasm,10,20,ibmq_singapore,proposed
0,218,399,220,10,10,0,0,0 days 00:00:00.025388000,circuits/20qubits/10gadgets/Original8.qasm,10,20,ibmq_singapore,staq
0,311,484,321,10,10,0,0,0 days 00:00:00.046851000,circuits/20qubits/10gadgets/Original8.qasm,10,20,ibmq_singapore,tket
0,224,519,224,6,10,0,0,0 days 00:00:00.149914000,circuits/20qubits/10gadgets/Original9.qasm,10,20,ibmq_singapore,proposed
0,204,347,208,10,10,0,0,0 days 00:00:00.024431000,circuits/20qubits/10gadgets/Original9.qasm,10,20,ibmq_singapore,staq
0,413,613,423,10,10,0,0,0 days 00:00:00.055242000,circuits/20qubits/10gadgets/Original9.qasm,10,20,ibmq_singapore,tket
0,180,432,180,10,10,0,0,0 days 00:00:00.139911000,circuits/20qubits/10gadgets/Original15.qasm,10,20,ibmq_singapore,proposed
0,229,404,232,9,10,0,0,0 days 00:00:00.026008000,circuits/20qubits/10gadgets/Original15.qasm,10,20,ibmq_singapore,staq
0,427,600,437,10,10,0,0,0 days 00:00:00.056880000,circuits/20qubits/10gadgets/Original15.qasm,10,20,ibmq_singapore,tket
0,185,456,185,6,10,0,0,0 days 00:00:00.146058000,circuits/20qubits/10gadgets/Original5.qasm,10,20,ibmq_singapore,proposed
0,224,391,226,10,10,0,0,0 days 00:00:00.025153000,circuits/20qubits/10gadgets/Original5.qasm,10,20,ibmq_singapore,staq
0,441,626,451,10,10,0,0,0 days 00:00:00.055750000,circuits/20qubits/10gadgets/Original5.qasm,10,20,ibmq_singapore,tket
0,173,418,175,6,10,0,0,0 days 00:00:00.131198000,circuits/20qubits/10gadgets/Original19.qasm,10,20,ibmq_singapore,proposed
0,197,383,201,10,10,0,0,0 days 00:00:00.023822000,circuits/20qubits/10gadgets/Original19.qasm,10,20,ibmq_singapore,staq
0,442,648,452,10,10,0,0,0 days 00:00:00.057843000,circuits/20qubits/10gadgets/Original19.qasm,10,20,ibmq_singapore,tket
0,391,1181,393,29,50,0,0,0 days 00:00:00.206030000,circuits/20qubits/50gadgets/Original6.qasm,50,20,ibmq_singapore,proposed
0,531,1171,557,49,50,0,0,0 days 00:00:00.055807000,circuits/20qubits/50gadgets/Original6.qasm,50,20,ibmq_singapore,staq
0,1923,2594,1972,50,50,0,0,0 days 00:00:00.228871000,circuits/20qubits/50gadgets/Original6.qasm,50,20,ibmq_singapore,tket
0,376,1225,378,31,50,0,0,0 days 00:00:00.201414000,circuits/20qubits/50gadgets/Original16.qasm,50,20,ibmq_singapore,proposed
0,512,1153,529,48,50,0,0,0 days 00:00:00.055733000,circuits/20qubits/50gadgets/Original16.qasm,50,20,ibmq_singapore,staq
0,1769,2263,1817,50,50,0,0,0 days 00:00:00.203351000,circuits/20qubits/50gadgets/Original16.qasm,50,20,ibmq_singapore,tket
0,362,1261,365,37,50,0,0,0 days 00:00:00.204419000,circuits/20qubits/50gadgets/Original17.qasm,50,20,ibmq_singapore,proposed
0,526,1103,549,49,50,0,0,0 days 00:00:00.054905000,circuits/20qubits/50gadgets/Original17.qasm,50,20,ibmq_singapore,staq
0,1716,2300,1764,49,50,0,0,0 days 00:00:00.204401000,circuits/20qubits/50gadgets/Original17.qasm,50,20,ibmq_singapore,tket
0,380,1241,380,33,50,0,0,0 days 00:00:00.202374000,circuits/20qubits/50gadgets/Original7.qasm,50,20,ibmq_singapore,proposed
0,546,1150,574,47,50,0,0,0 days 00:00:00.056651000,circuits/20qubits/50gadgets/Original7.qasm,50,20,ibmq_singapore,staq
0,1827,2461,1877,50,50,0,0,0 days 00:00:00.214286000,circuits/20qubits/50gadgets/Original7.qasm,50,20,ibmq_singapore,tket
0,446,1217,447,34,50,0,0,0 days 00:00:00.260896000,circuits/20qubits/50gadgets/Original10.qasm,50,20,ibmq_singapore,proposed
0,445,1006,459,47,50,0,0,0 days 00:00:00.052134000,circuits/20qubits/50gadgets/Original10.qasm,50,20,ibmq_singapore,staq
0,1902,2500,1952,50,50,0,0,0 days 00:00:00.217498000,circuits/20qubits/50gadgets/Original10.qasm,50,20,ibmq_singapore,tket
0,399,1281,400,36,50,0,0,0 days 00:00:00.198880000,circuits/20qubits/50gadgets/Original0.qasm,50,20,ibmq_singapore,proposed
0,489,1030,520,49,50,0,0,0 days 00:00:00.053180000,circuits/20qubits/50gadgets/Original0.qasm,50,20,ibmq_singapore,staq
0,1908,2468,1958,50,50,0,0,0 days 00:00:00.216592000,circuits/20qubits/50gadgets/Original0.qasm,50,20,ibmq_singapore,tket
0,377,1244,380,34,50,0,0,0 days 00:00:00.201154000,circuits/20qubits/50gadgets/Original1.qasm,50,20,ibmq_singapore,proposed
0,477,1004,495,47,50,0,0,0 days 00:00:00.052332000,circuits/20qubits/50gadgets/Original1.qasm,50,20,ibmq_singapore,staq
0,1902,2513,1951,50,50,0,0,0 days 00:00:00.219204000,circuits/20qubits/50gadgets/Original1.qasm,50,20,ibmq_singapore,tket
0,365,1185,370,35,50,0,0,0 days 00:00:00.199412000,circuits/20qubits/50gadgets/Original11.qasm,50,20,ibmq_singapore,proposed
0,482,1071,501,47,50,0,0,0 days 00:00:00.054185000,circuits/20qubits/50gadgets/Original11.qasm,50,20,ibmq_singapore,staq
0,1703,2368,1753,50,50,0,0,0 days 00:00:00.211819000,circuits/20qubits/50gadgets/Original11.qasm,50,20,ibmq_singapore,tket
0,415,1210,416,34,50,0,0,0 days 00:00:00.206019000,circuits/20qubits/50gadgets/Original12.qasm,50,20,ibmq_singapore,proposed
0,526,1093,554,48,50,0,0,0 days 00:00:00.053059000,circuits/20qubits/50gadgets/Original12.qasm,50,20,ibmq_singapore,staq
0,1986,2602,2036,50,50,0,0,0 days 00:00:00.229906000,circuits/20qubits/50gadgets/Original12.qasm,50,20,ibmq_singapore,tket
0,397,1274,398,33,50,0,0,0 days 00:00:00.202855000,circuits/20qubits/50gadgets/Original2.qasm,50,20,ibmq_singapore,proposed
0,497,1059,525,48,50,0,0,0 days 00:00:00.055437000,circuits/20qubits/50gadgets/Original2.qasm,50,20,ibmq_singapore,staq
0,1743,2294,1793,50,50,0,0,0 days 00:00:00.203221000,circuits/20qubits/50gadgets/Original2.qasm,50,20,ibmq_singapore,tket
0,413,1263,420,37,50,0,0,0 days 00:00:00.201522000,circuits/20qubits/50gadgets/Original3.qasm,50,20,ibmq_singapore,proposed
0,486,1087,500,49,50,0,0,0 days 00:00:00.053651000,circuits/20qubits/50gadgets/Original3.qasm,50,20,ibmq_singapore,staq
0,2362,3052,2412,50,50,0,0,0 days 00:00:00.256118000,circuits/20qubits/50gadgets/Original3.qasm,50,20,ibmq_singapore,tket
0,405,1191,407,33,50,0,0,0 days 00:00:00.207943000,circuits/20qubits/50gadgets/Original13.qasm,50,20,ibmq_singapore,proposed
0,486,1083,510,46,50,0,0,0 days 00:00:00.055635000,circuits/20qubits/50gadgets/Original13.qasm,50,20,ibmq_singapore,staq
0,1849,2402,1899,50,50,0,0,0 days 00:00:00.213235000,circuits/20qubits/50gadgets/Original13.qasm,50,20,ibmq_singapore,tket
0,381,1258,386,34,50,0,0,0 days 00:00:00.198727000,circuits/20qubits/50gadgets/Original18.qasm,50,20,ibmq_singapore,proposed
0,487,1111,503,47,50,0,0,0 days 00:00:00.053279000,circuits/20qubits/50gadgets/Original18.qasm,50,20,ibmq_singapore,staq
0,2000,2668,2050,50,50,0,0,0 days 00:00:00.230331000,circuits/20qubits/50gadgets/Original18.qasm,50,20,ibmq_singapore,tket
0,394,1221,397,35,50,0,0,0 days 00:00:00.201678000,circuits/20qubits/50gadgets/Original4.qasm,50,20,ibmq_singapore,proposed
0,452,1005,473,49,50,0,0,0 days 00:00:00.052527000,circuits/20qubits/50gadgets/Original4.qasm,50,20,ibmq_singapore,staq
0,1923,2482,1973,50,50,0,0,0 days 00:00:00.223131000,circuits/20qubits/50gadgets/Original4.qasm,50,20,ibmq_singapore,tket
0,387,1169,388,29,50,0,0,0 days 00:00:00.192408000,circuits/20qubits/50gadgets/Original14.qasm,50,20,ibmq_singapore,proposed
0,473,1099,496,50,50,0,0,0 days 00:00:00.053262000,circuits/20qubits/50gadgets/Original14.qasm,50,20,ibmq_singapore,staq
0,1936,2736,1985,50,50,0,0,0 days 00:00:00.232900000,circuits/20qubits/50gadgets/Original14.qasm,50,20,ibmq_singapore,tket
0,403,1212,407,37,50,0,0,0 days 00:00:00.205658000,circuits/20qubits/50gadgets/Original8.qasm,50,20,ibmq_singapore,proposed
0,490,1112,500,47,50,0,0,0 days 00:00:00.053927000,circuits/20qubits/50gadgets/Original8.qasm,50,20,ibmq_singapore,staq
0,1815,2326,1865,50,50,0,0,0 days 00:00:00.203429000,circuits/20qubits/50gadgets/Original8.qasm,50,20,ibmq_singapore,tket
0,397,1248,399,29,50,0,0,0 days 00:00:00.204927000,circuits/20qubits/50gadgets/Original9.qasm,50,20,ibmq_singapore,proposed
0,515,1073,538,48,50,0,0,0 days 00:00:00.054635000,circuits/20qubits/50gadgets/Original9.qasm,50,20,ibmq_singapore,staq
0,1850,2395,1900,50,50,0,0,0 days 00:00:00.211941000,circuits/20qubits/50gadgets/Original9.qasm,50,20,ibmq_singapore,tket
0,389,1252,390,31,50,0,0,0 days 00:00:00.206201000,circuits/20qubits/50gadgets/Original15.qasm,50,20,ibmq_singapore,proposed
0,492,1041,519,48,50,0,0,0 days 00:00:00.053506000,circuits/20qubits/50gadgets/Original15.qasm,50,20,ibmq_singapore,staq
0,1715,2294,1764,50,50,0,0,0 days 00:00:00.205808000,circuits/20qubits/50gadgets/Original15.qasm,50,20,ibmq_singapore,tket
0,412,1233,415,44,50,0,0,0 days 00:00:00.209844000,circuits/20qubits/50gadgets/Original5.qasm,50,20,ibmq_singapore,proposed
0,466,1002,480,48,50,0,0,0 days 00:00:00.052235000,circuits/20qubits/50gadgets/Original5.qasm,50,20,ibmq_singapore,staq
0,2040,2569,2090,50,50,0,0,0 days 00:00:00.227127000,circuits/20qubits/50gadgets/Original5.qasm,50,20,ibmq_singapore,tket
0,415,1154,421,33,50,0,0,0 days 00:00:00.204737000,circuits/20qubits/50gadgets/Original19.qasm,50,20,ibmq_singapore,proposed
0,470,1012,497,50,50,0,0,0 days 00:00:00.054750000,circuits/20qubits/50gadgets/Original19.qasm,50,20,ibmq_singapore,staq
0,2085,2699,2135,50,50,0,0,0 days 00:00:00.232499000,circuits/20qubits/50gadgets/Original19.qasm,50,20,ibmq_singapore,tket
0,610,1991,613,65,100,0,0,0 days 00:00:00.261998000,circuits/20qubits/100gadgets/Original6.qasm,100,20,ibmq_singapore,proposed
0,842,1910,887,97,100,0,0,0 days 00:00:00.093974000,circuits/20qubits/100gadgets/Original6.qasm,100,20,ibmq_singapore,staq
0,3883,5035,3983,100,100,0,0,0 days 00:00:00.439451000,circuits/20qubits/100gadgets/Original6.qasm,100,20,ibmq_singapore,tket
0,592,2112,593,71,100,0,0,0 days 00:00:00.260667000,circuits/20qubits/100gadgets/Original16.qasm,100,20,ibmq_singapore,proposed
0,797,1783,832,96,100,0,0,0 days 00:00:00.091397000,circuits/20qubits/100gadgets/Original16.qasm,100,20,ibmq_singapore,staq
0,3701,4818,3799,100,100,0,0,0 days 00:00:00.417124000,circuits/20qubits/100gadgets/Original16.qasm,100,20,ibmq_singapore,tket
0,636,2103,646,77,100,0,0,0 days 00:00:00.261141000,circuits/20qubits/100gadgets/Original17.qasm,100,20,ibmq_singapore,proposed
0,841,1781,887,98,100,0,0,0 days 00:00:00.089496000,circuits/20qubits/100gadgets/Original17.qasm,100,20,ibmq_singapore,staq
0,3796,4755,3896,100,100,0,0,0 days 00:00:00.410450000,circuits/20qubits/100gadgets/Original17.qasm,100,20,ibmq_singapore,tket
0,559,2107,563,70,100,0,0,0 days 00:00:00.258247000,circuits/20qubits/100gadgets/Original7.qasm,100,20,ibmq_singapore,proposed
0,833,1908,871,97,100,0,0,0 days 00:00:00.093199000,circuits/20qubits/100gadgets/Original7.qasm,100,20,ibmq_singapore,staq
0,3731,4694,3830,100,100,0,0,0 days 00:00:00.413349000,circuits/20qubits/100gadgets/Original7.qasm,100,20,ibmq_singapore,tket
0,645,1977,649,68,100,0,0,0 days 00:00:00.258583000,circuits/20qubits/100gadgets/Original10.qasm,100,20,ibmq_singapore,proposed
0,806,1809,847,98,100,0,0,0 days 00:00:00.090500000,circuits/20qubits/100gadgets/Original10.qasm,100,20,ibmq_singapore,staq
0,3798,4864,3898,100,100,0,0,0 days 00:00:00.419454000,circuits/20qubits/100gadgets/Original10.qasm,100,20,ibmq_singapore,tket
0,607,2069,615,77,100,0,0,0 days 00:00:00.258746000,circuits/20qubits/100gadgets/Original0.qasm,100,20,ibmq_singapore,proposed
0,841,1831,887,96,100,0,0,0 days 00:00:00.090075000,circuits/20qubits/100gadgets/Original0.qasm,100,20,ibmq_singapore,staq
0,3951,4972,4050,100,100,0,0,0 days 00:00:00.427088000,circuits/20qubits/100gadgets/Original0.qasm,100,20,ibmq_singapore,tket
0,629,2007,630,65,100,0,0,0 days 00:00:00.268823000,circuits/20qubits/100gadgets/Original1.qasm,100,20,ibmq_singapore,proposed
0,842,1922,885,97,100,0,0,0 days 00:00:00.091806000,circuits/20qubits/100gadgets/Original1.qasm,100,20,ibmq_singapore,staq
0,3708,4789,3808,100,100,0,0,0 days 00:00:00.414389000,circuits/20qubits/100gadgets/Original1.qasm,100,20,ibmq_singapore,tket
0,656,2022,665,81,100,0,0,0 days 00:00:00.271156000,circuits/20qubits/100gadgets/Original11.qasm,100,20,ibmq_singapore,proposed
0,820,1807,865,99,100,0,0,0 days 00:00:00.091302000,circuits/20qubits/100gadgets/Original11.qasm,100,20,ibmq_singapore,staq
0,4220,5379,4320,100,100,0,0,0 days 00:00:00.461265000,circuits/20qubits/100gadgets/Original11.qasm,100,20,ibmq_singapore,tket
0,589,2143,590,68,100,0,0,0 days 00:00:00.319247000,circuits/20qubits/100gadgets/Original12.qasm,100,20,ibmq_singapore,proposed
0,808,1775,851,96,100,0,0,0 days 00:00:00.091903000,circuits/20qubits/100gadgets/Original12.qasm,100,20,ibmq_singapore,staq
0,4404,5939,4504,100,100,0,0,0 days 00:00:00.492208000,circuits/20qubits/100gadgets/Original12.qasm,100,20,ibmq_singapore,tket
0,618,1908,629,70,100,0,0,0 days 00:00:00.263866000,circuits/20qubits/100gadgets/Original2.qasm,100,20,ibmq_singapore,proposed
0,836,1879,877,97,100,0,0,0 days 00:00:00.091495000,circuits/20qubits/100gadgets/Original2.qasm,100,20,ibmq_singapore,staq
0,4240,5367,4340,100,100,0,0,0 days 00:00:00.463064000,circuits/20qubits/100gadgets/Original2.qasm,100,20,ibmq_singapore,tket
0,623,2034,627,61,100,0,0,0 days 00:00:00.248013000,circuits/20qubits/100gadgets/Original3.qasm,100,20,ibmq_singapore,proposed
0,850,1835,892,95,100,0,0,0 days 00:00:00.088157000,circuits/20qubits/100gadgets/Original3.qasm,100,20,ibmq_singapore,staq
0,3748,4717,3848,100,100,0,0,0 days 00:00:00.408553000,circuits/20qubits/100gadgets/Original3.qasm,100,20,ibmq_singapore,tket
0,606,2130,612,72,100,0,0,0 days 00:00:00.260854000,circuits/20qubits/100gadgets/Original13.qasm,100,20,ibmq_singapore,proposed
0,822,1897,863,96,100,0,0,0 days 00:00:00.091898000,circuits/20qubits/100gadgets/Original13.qasm,100,20,ibmq_singapore,staq
0,3790,4822,3889,100,100,0,0,0 days 00:00:00.425105000,circuits/20qubits/100gadgets/Original13.qasm,100,20,ibmq_singapore,tket
0,576,1986,581,66,100,0,0,0 days 00:00:00.262740000,circuits/20qubits/100gadgets/Original18.qasm,100,20,ibmq_singapore,proposed
0,808,1808,848,97,100,0,0,0 days 00:00:00.089069000,circuits/20qubits/100gadgets/Original18.qasm,100,20,ibmq_singapore,staq
0,3889,5079,3989,100,100,0,0,0 days 00:00:00.455676000,circuits/20qubits/100gadgets/Original18.qasm,100,20,ibmq_singapore,tket
0,644,2013,652,71,100,0,0,0 days 00:00:00.268186000,circuits/20qubits/100gadgets/Original4.qasm,100,20,ibmq_singapore,proposed
0,820,1799,844,96,100,0,0,0 days 00:00:00.088737000,circuits/20qubits/100gadgets/Original4.qasm,100,20,ibmq_singapore,staq
0,3770,4777,3870,100,100,0,0,0 days 00:00:00.413930000,circuits/20qubits/100gadgets/Original4.qasm,100,20,ibmq_singapore,tket
0,610,2000,617,66,100,0,0,0 days 00:00:00.268238000,circuits/20qubits/100gadgets/Original14.qasm,100,20,ibmq_singapore,proposed
0,760,1781,799,98,100,0,0,0 days 00:00:00.089367000,circuits/20qubits/100gadgets/Original14.qasm,100,20,ibmq_singapore,staq
0,3898,4951,3998,100,100,0,0,0 days 00:00:00.425809000,circuits/20qubits/100gadgets/Original14.qasm,100,20,ibmq_singapore,tket
0,598,1977,603,64,100,0,0,0 days 00:00:00.258742000,circuits/20qubits/100gadgets/Original8.qasm,100,20,ibmq_singapore,proposed
0,811,1817,853,97,100,0,0,0 days 00:00:00.088322000,circuits/20qubits/100gadgets/Original8.qasm,100,20,ibmq_singapore,staq
0,3633,4743,3731,100,100,0,0,0 days 00:00:00.410751000,circuits/20qubits/100gadgets/Original8.qasm,100,20,ibmq_singapore,tket
0,592,2015,595,68,100,0,0,0 days 00:00:00.262220000,circuits/20qubits/100gadgets/Original9.qasm,100,20,ibmq_singapore,proposed
0,820,1809,852,95,100,0,0,0 days 00:00:00.091950000,circuits/20qubits/100gadgets/Original9.qasm,100,20,ibmq_singapore,staq
0,3701,4814,3801,100,100,0,0,0 days 00:00:00.412562000,circuits/20qubits/100gadgets/Original9.qasm,100,20,ibmq_singapore,tket
0,570,2075,572,76,100,0,0,0 days 00:00:00.262143000,circuits/20qubits/100gadgets/Original15.qasm,100,20,ibmq_singapore,proposed
0,845,1871,887,98,100,0,0,0 days 00:00:00.090401000,circuits/20qubits/100gadgets/Original15.qasm,100,20,ibmq_singapore,staq
0,3983,5139,4082,100,100,0,0,0 days 00:00:00.446385000,circuits/20qubits/100gadgets/Original15.qasm,100,20,ibmq_singapore,tket
0,600,2016,609,74,100,0,0,0 days 00:00:00.263213000,circuits/20qubits/100gadgets/Original5.qasm,100,20,ibmq_singapore,proposed
0,771,1813,807,97,100,0,0,0 days 00:00:00.091434000,circuits/20qubits/100gadgets/Original5.qasm,100,20,ibmq_singapore,staq
0,3585,4606,3684,100,100,0,0,0 days 00:00:00.404687000,circuits/20qubits/100gadgets/Original5.qasm,100,20,ibmq_singapore,tket
0,599,2017,603,65,100,0,0,0 days 00:00:00.259825000,circuits/20qubits/100gadgets/Original19.qasm,100,20,ibmq_singapore,proposed
0,820,1860,855,97,100,0,0,0 days 00:00:00.093969000,circuits/20qubits/100gadgets/Original19.qasm,100,20,ibmq_singapore,staq
0,3849,5132,3948,100,100,0,0,0 days 00:00:00.456650000,circuits/20qubits/100gadgets/Original19.qasm,100,20,ibmq_singapore,tket
0,2267,8313,2296,339,500,0,0,0 days 00:00:00.880891000,circuits/20qubits/500gadgets/Original6.qasm,500,20,ibmq_singapore,proposed
0,3504,7688,3754,499,500,0,0,0 days 00:00:00.435344000,circuits/20qubits/500gadgets/Original6.qasm,500,20,ibmq_singapore,staq
0,17633,22146,18133,500,500,0,0,0 days 00:00:02.028884000,circuits/20qubits/500gadgets/Original6.qasm,500,20,ibmq_singapore,tket
0,2329,7803,2357,332,500,0,0,0 days 00:00:00.880570000,circuits/20qubits/500gadgets/Original16.qasm,500,20,ibmq_singapore,proposed
0,3415,7482,3635,496,500,0,0,0 days 00:00:00.435843000,circuits/20qubits/500gadgets/Original16.qasm,500,20,ibmq_singapore,staq
0,18762,23195,19262,500,500,0,0,0 days 00:00:02.071553000,circuits/20qubits/500gadgets/Original16.qasm,500,20,ibmq_singapore,tket
0,2291,7703,2318,362,500,0,0,0 days 00:00:00.884075000,circuits/20qubits/500gadgets/Original17.qasm,500,20,ibmq_singapore,proposed
0,3425,7403,3659,495,500,0,0,0 days 00:00:00.431027000,circuits/20qubits/500gadgets/Original17.qasm,500,20,ibmq_singapore,staq
0,18153,22222,18653,500,500,0,0,0 days 00:00:01.986810000,circuits/20qubits/500gadgets/Original17.qasm,500,20,ibmq_singapore,tket
0,2249,7828,2294,378,500,0,0,0 days 00:00:00.876040000,circuits/20qubits/500gadgets/Original7.qasm,500,20,ibmq_singapore,proposed
0,3508,7364,3718,495,500,0,0,0 days 00:00:00.429674000,circuits/20qubits/500gadgets/Original7.qasm,500,20,ibmq_singapore,staq
0,17799,22327,18298,500,500,0,0,0 days 00:00:02.000379000,circuits/20qubits/500gadgets/Original7.qasm,500,20,ibmq_singapore,tket
0,2341,8014,2367,335,500,0,0,0 days 00:00:00.940734000,circuits/20qubits/500gadgets/Original10.qasm,500,20,ibmq_singapore,proposed
0,3342,7418,3566,498,500,0,0,0 days 00:00:00.435482000,circuits/20qubits/500gadgets/Original10.qasm,500,20,ibmq_singapore,staq
0,18390,23211,18888,500,500,0,0,0 days 00:00:02.112135000,circuits/20qubits/500gadgets/Original10.qasm,500,20,ibmq_singapore,tket
0,2413,7805,2443,328,500,0,0,0 days 00:00:00.872884000,circuits/20qubits/500gadgets/Original0.qasm,500,20,ibmq_singapore,proposed
0,3430,7625,3645,495,500,0,0,0 days 00:00:00.432576000,circuits/20qubits/500gadgets/Original0.qasm,500,20,ibmq_singapore,staq
0,17697,21819,18197,500,500,0,0,0 days 00:00:01.973848000,circuits/20qubits/500gadgets/Original0.qasm,500,20,ibmq_singapore,tket
0,2238,8560,2271,354,500,0,0,0 days 00:00:00.911741000,circuits/20qubits/500gadgets/Original1.qasm,500,20,ibmq_singapore,proposed
0,3420,7619,3638,495,500,0,0,0 days 00:00:00.448054000,circuits/20qubits/500gadgets/Original1.qasm,500,20,ibmq_singapore,staq
0,18571,23640,19069,500,500,0,0,0 days 00:00:02.123120000,circuits/20qubits/500gadgets/Original1.qasm,500,20,ibmq_singapore,tket
0,2140,8438,2158,385,500,0,0,0 days 00:00:00.882685000,circuits/20qubits/500gadgets/Original11.qasm,500,20,ibmq_singapore,proposed
0,3550,7724,3795,495,500,0,0,0 days 00:00:00.442918000,circuits/20qubits/500gadgets/Original11.qasm,500,20,ibmq_singapore,staq
0,17116,21694,17612,500,500,0,0,0 days 00:00:01.930284000,circuits/20qubits/500gadgets/Original11.qasm,500,20,ibmq_singapore,tket
0,2247,8129,2275,337,500,0,0,0 days 00:00:00.949114000,circuits/20qubits/500gadgets/Original12.qasm,500,20,ibmq_singapore,proposed
0,3539,7489,3760,496,500,0,0,0 days 00:00:00.452189000,circuits/20qubits/500gadgets/Original12.qasm,500,20,ibmq_singapore,staq
0,18376,22744,18871,500,500,0,0,0 days 00:00:02.028510000,circuits/20qubits/500gadgets/Original12.qasm,500,20,ibmq_singapore,tket
0,2389,8204,2420,343,500,0,0,0 days 00:00:00.886863000,circuits/20qubits/500gadgets/Original2.qasm,500,20,ibmq_singapore,proposed
0,3474,7412,3712,498,500,0,0,0 days 00:00:00.431940000,circuits/20qubits/500gadgets/Original2.qasm,500,20,ibmq_singapore,staq
0,18756,23416,19254,500,500,0,0,0 days 00:00:02.068578000,circuits/20qubits/500gadgets/Original2.qasm,500,20,ibmq_singapore,tket
0,2257,8411,2299,338,500,0,0,0 days 00:00:00.886011000,circuits/20qubits/500gadgets/Original3.qasm,500,20,ibmq_singapore,proposed
0,3451,7626,3690,495,500,0,0,0 days 00:00:00.435375000,circuits/20qubits/500gadgets/Original3.qasm,500,20,ibmq_singapore,staq
0,18747,23349,19243,500,500,0,0,0 days 00:00:02.076645000,circuits/20qubits/500gadgets/Original3.qasm,500,20,ibmq_singapore,tket
0,2242,8007,2267,375,500,0,0,0 days 00:00:00.882479000,circuits/20qubits/500gadgets/Original13.qasm,500,20,ibmq_singapore,proposed
0,3493,7577,3725,496,500,0,0,0 days 00:00:00.439629000,circuits/20qubits/500gadgets/Original13.qasm,500,20,ibmq_singapore,staq
0,18549,23153,19046,500,500,0,0,0 days 00:00:02.114181000,circuits/20qubits/500gadgets/Original13.qasm,500,20,ibmq_singapore,tket
0,2332,7913,2358,321,500,0,0,0 days 00:00:00.858966000,circuits/20qubits/500gadgets/Original18.qasm,500,20,ibmq_singapore,proposed
0,3411,7490,3664,497,500,0,0,0 days 00:00:00.438353000,circuits/20qubits/500gadgets/Original18.qasm,500,20,ibmq_singapore,staq
0,17970,22547,18469,500,500,0,0,0 days 00:00:02.004445000,circuits/20qubits/500gadgets/Original18.qasm,500,20,ibmq_singapore,tket
0,2239,8376,2264,349,500,0,0,0 days 00:00:00.880848000,circuits/20qubits/500gadgets/Original4.qasm,500,20,ibmq_singapore,proposed
0,3220,7346,3452,495,500,0,0,0 days 00:00:00.432325000,circuits/20qubits/500gadgets/Original4.qasm,500,20,ibmq_singapore,staq
0,17767,22252,18267,500,500,0,0,0 days 00:00:01.992520000,circuits/20qubits/500gadgets/Original4.qasm,500,20,ibmq_singapore,tket
0,2548,8033,2579,312,500,0,0,0 days 00:00:00.882200000,circuits/20qubits/500gadgets/Original14.qasm,500,20,ibmq_singapore,proposed
0,3453,7605,3725,498,500,0,0,0 days 00:00:00.438429000,circuits/20qubits/500gadgets/Original14.qasm,500,20,ibmq_singapore,staq
0,17823,22037,18321,500,500,0,0,0 days 00:00:01.959463000,circuits/20qubits/500gadgets/Original14.qasm,500,20,ibmq_singapore,tket
0,2222,7787,2244,333,500,0,0,0 days 00:00:00.927475000,circuits/20qubits/500gadgets/Original8.qasm,500,20,ibmq_singapore,proposed
0,3399,7442,3617,496,500,0,0,0 days 00:00:00.435108000,circuits/20qubits/500gadgets/Original8.qasm,500,20,ibmq_singapore,staq
0,18476,23179,18975,500,500,0,0,0 days 00:00:02.079091000,circuits/20qubits/500gadgets/Original8.qasm,500,20,ibmq_singapore,tket
0,2293,7679,2317,333,500,0,0,0 days 00:00:00.872967000,circuits/20qubits/500gadgets/Original9.qasm,500,20,ibmq_singapore,proposed
0,3470,7552,3711,493,500,0,0,0 days 00:00:00.438919000,circuits/20qubits/500gadgets/Original9.qasm,500,20,ibmq_singapore,staq
0,18741,23443,19240,500,500,0,0,0 days 00:00:02.074663000,circuits/20qubits/500gadgets/Original9.qasm,500,20,ibmq_singapore,tket
0,2248,8133,2291,353,500,0,0,0 days 00:00:00.877568000,circuits/20qubits/500gadgets/Original15.qasm,500,20,ibmq_singapore,proposed
0,3293,7241,3484,495,500,0,0,0 days 00:00:00.432902000,circuits/20qubits/500gadgets/Original15.qasm,500,20,ibmq_singapore,staq
0,18720,23307,19220,500,500,0,0,0 days 00:00:02.078359000,circuits/20qubits/500gadgets/Original15.qasm,500,20,ibmq_singapore,tket
0,2342,8135,2380,377,500,0,0,0 days 00:00:00.887739000,circuits/20qubits/500gadgets/Original5.qasm,500,20,ibmq_singapore,proposed
0,3562,7529,3803,494,500,0,0,0 days 00:00:00.433995000,circuits/20qubits/500gadgets/Original5.qasm,500,20,ibmq_singapore,staq
0,18106,22520,18605,500,500,0,0,0 days 00:00:01.989481000,circuits/20qubits/500gadgets/Original5.qasm,500,20,ibmq_singapore,tket
0,2242,7816,2275,344,500,0,0,0 days 00:00:00.935203000,circuits/20qubits/500gadgets/Original19.qasm,500,20,ibmq_singapore,proposed
0,3452,7345,3702,493,500,0,0,0 days 00:00:00.434568000,circuits/20qubits/500gadgets/Original19.qasm,500,20,ibmq_singapore,staq
0,17966,21999,18464,500,500,0,0,0 days 00:00:01.958788000,circuits/20qubits/500gadgets/Original19.qasm,500,20,ibmq_singapore,tket
0,4371,14593,4431,690,1000,0,0,0 days 00:00:02.012657000,circuits/20qubits/1000gadgets/Original6.qasm,1000,20,ibmq_singapore,proposed
0,6863,14346,7355,996,1000,0,0,0 days 00:00:01.038478000,circuits/20qubits/1000gadgets/Original6.qasm,1000,20,ibmq_singapore,staq
0,35533,44102,36530,1000,1000,0,0,0 days 00:00:03.984924000,circuits/20qubits/1000gadgets/Original6.qasm,1000,20,ibmq_singapore,tket
0,4373,15391,4428,764,1000,0,0,0 days 00:00:02.112751000,circuits/20qubits/1000gadgets/Original16.qasm,1000,20,ibmq_singapore,proposed
0,7045,14360,7578,994,1000,0,0,0 days 00:00:01.035669000,circuits/20qubits/1000gadgets/Original16.qasm,1000,20,ibmq_singapore,staq
0,35676,43775,36672,1000,1000,0,0,0 days 00:00:04.077201000,circuits/20qubits/1000gadgets/Original16.qasm,1000,20,ibmq_singapore,tket
0,4522,14416,4605,661,1000,0,0,0 days 00:00:01.992096000,circuits/20qubits/1000gadgets/Original17.qasm,1000,20,ibmq_singapore,proposed
0,6695,13969,7172,996,1000,0,0,0 days 00:00:01.026247000,circuits/20qubits/1000gadgets/Original17.qasm,1000,20,ibmq_singapore,staq
0,35736,43636,36735,1000,1000,0,0,0 days 00:00:03.901666000,circuits/20qubits/1000gadgets/Original17.qasm,1000,20,ibmq_singapore,tket
0,4537,14983,4586,714,1000,0,0,0 days 00:00:02.125079000,circuits/20qubits/1000gadgets/Original7.qasm,1000,20,ibmq_singapore,proposed
0,6554,13789,7048,994,1000,0,0,0 days 00:00:01.023086000,circuits/20qubits/1000gadgets/Original7.qasm,1000,20,ibmq_singapore,staq
0,35615,43635,36614,1000,1000,0,0,0 days 00:00:03.949772000,circuits/20qubits/1000gadgets/Original7.qasm,1000,20,ibmq_singapore,tket
0,4281,15556,4321,691,1000,0,0,0 days 00:00:02.081284000,circuits/20qubits/1000gadgets/Original10.qasm,1000,20,ibmq_singapore,proposed
0,7139,14837,7673,995,1000,0,0,0 days 00:00:01.041378000,circuits/20qubits/1000gadgets/Original10.qasm,1000,20,ibmq_singapore,staq
0,34818,43187,35816,1000,1000,0,0,0 days 00:00:03.956348000,circuits/20qubits/1000gadgets/Original10.qasm,1000,20,ibmq_singapore,tket
0,4255,14580,4316,701,1000,0,0,0 days 00:00:02.075715000,circuits/20qubits/1000gadgets/Original0.qasm,1000,20,ibmq_singapore,proposed
0,6854,14919,7299,996,1000,0,0,0 days 00:00:01.053844000,circuits/20qubits/1000gadgets/Original0.qasm,1000,20,ibmq_singapore,staq
0,35172,43051,36171,1000,1000,0,0,0 days 00:00:03.915735000,circuits/20qubits/1000gadgets/Original0.qasm,1000,20,ibmq_singapore,tket
0,4394,14225,4460,640,1000,0,0,0 days 00:00:01.972198000,circuits/20qubits/1000gadgets/Original1.qasm,1000,20,ibmq_singapore,proposed
0,6814,14120,7286,994,1000,0,0,0 days 00:00:01.022968000,circuits/20qubits/1000gadgets/Original1.qasm,1000,20,ibmq_singapore,staq
0,34383,42031,35379,1000,1000,0,0,0 days 00:00:03.844700000,circuits/20qubits/1000gadgets/Original1.qasm,1000,20,ibmq_singapore,tket
0,4213,15829,4290,665,1000,0,0,0 days 00:00:02.134246000,circuits/20qubits/1000gadgets/Original11.qasm,1000,20,ibmq_singapore,proposed
0,6977,14931,7493,995,1000,0,0,0 days 00:00:01.049674000,circuits/20qubits/1000gadgets/Original11.qasm,1000,20,ibmq_singapore,staq
0,35000,42882,35998,1000,1000,0,0,0 days 00:00:03.913577000,circuits/20qubits/1000gadgets/Original11.qasm,1000,20,ibmq_singapore,tket
0,4462,14780,4530,713,1000,0,0,0 days 00:00:02.038548000,circuits/20qubits/1000gadgets/Original12.qasm,1000,20,ibmq_singapore,proposed
0,7017,14761,7466,995,1000,0,0,0 days 00:00:01.046116000,circuits/20qubits/1000gadgets/Original12.qasm,1000,20,ibmq_singapore,staq
0,34288,41978,35285,1000,1000,0,0,0 days 00:00:03.895524000,circuits/20qubits/1000gadgets/Original12.qasm,1000,20,ibmq_singapore,tket
0,4675,14600,4765,694,1000,0,0,0 days 00:00:02.073839000,circuits/20qubits/1000gadgets/Original2.qasm,1000,20,ibmq_singapore,proposed
0,6956,14458,7501,995,1000,0,0,0 days 00:00:01.033678000,circuits/20qubits/1000gadgets/Original2.qasm,1000,20,ibmq_singapore,staq
0,35536,43836,36533,1000,1000,0,0,0 days 00:00:03.931887000,circuits/20qubits/1000gadgets/Original2.qasm,1000,20,ibmq_singapore,tket
0,4488,14873,4562,676,1000,0,0,0 days 00:00:02.016795000,circuits/20qubits/1000gadgets/Original3.qasm,1000,20,ibmq_singapore,proposed
0,6797,13989,7256,995,1000,0,0,0 days 00:00:01.009892000,circuits/20qubits/1000gadgets/Original3.qasm,1000,20,ibmq_singapore,staq
0,35312,43514,36310,1000,1000,0,0,0 days 00:00:03.932870000,circuits/20qubits/1000gadgets/Original3.qasm,1000,20,ibmq_singapore,tket
0,4593,14858,4663,661,1000,0,0,0 days 00:00:02.096715000,circuits/20qubits/1000gadgets/Original13.qasm,1000,20,ibmq_singapore,proposed
0,6691,13849,7094,995,1000,0,0,0 days 00:00:01.015332000,circuits/20qubits/1000gadgets/Original13.qasm,1000,20,ibmq_singapore,staq
0,36868,45055,37868,1000,1000,0,0,0 days 00:00:04.043765000,circuits/20qubits/1000gadgets/Original13.qasm,1000,20,ibmq_singapore,tket
0,4430,14463,4489,662,1000,0,0,0 days 00:00:01.980905000,circuits/20qubits/1000gadgets/Original18.qasm,1000,20,ibmq_singapore,proposed
0,6765,13818,7228,995,1000,0,0,0 days 00:00:01.022212000,circuits/20qubits/1000gadgets/Original18.qasm,1000,20,ibmq_singapore,staq
0,36161,44080,37159,1000,1000,0,0,0 days 00:00:04.072732000,circuits/20qubits/1000gadgets/Original18.qasm,1000,20,ibmq_singapore,tket
0,4533,14561,4605,738,1000,0,0,0 days 00:00:02.028681000,circuits/20qubits/1000gadgets/Original4.qasm,1000,20,ibmq_singapore,proposed
0,6821,14494,7354,998,1000,0,0,0 days 00:00:01.041319000,circuits/20qubits/1000gadgets/Original4.qasm,1000,20,ibmq_singapore,staq
0,35533,43844,36530,1000,1000,0,0,0 days 00:00:03.980258000,circuits/20qubits/1000gadgets/Original4.qasm,1000,20,ibmq_singapore,tket
0,4294,16093,4339,717,1000,0,0,0 days 00:00:02.128308000,circuits/20qubits/1000gadgets/Original14.qasm,1000,20,ibmq_singapore,proposed
0,6654,14063,7112,993,1000,0,0,0 days 00:00:01.025530000,circuits/20qubits/1000gadgets/Original14.qasm,1000,20,ibmq_singapore,staq
0,36359,44708,37358,1000,1000,0,0,0 days 00:00:04.245610000,circuits/20qubits/1000gadgets/Original14.qasm,1000,20,ibmq_singapore,tket
0,4385,14829,4422,704,1000,0,0,0 days 00:00:02.034969000,circuits/20qubits/1000gadgets/Original8.qasm,1000,20,ibmq_singapore,proposed
0,6981,14610,7473,997,1000,0,0,0 days 00:00:01.038504000,circuits/20qubits/1000gadgets/Original8.qasm,1000,20,ibmq_singapore,staq
0,35884,43708,36882,1000,1000,0,0,0 days 00:00:03.988170000,circuits/20qubits/1000gadgets/Original8.qasm,1000,20,ibmq_singapore,tket
0,4304,15022,4361,769,1000,0,0,0 days 00:00:02.093919000,circuits/20qubits/1000gadgets/Original9.qasm,1000,20,ibmq_singapore,proposed
0,6750,13762,7280,997,1000,0,0,0 days 00:00:01.006884000,circuits/20qubits/1000gadgets/Original9.qasm,1000,20,ibmq_singapore,staq
0,34723,41939,35723,1000,1000,0,0,0 days 00:00:03.843129000,circuits/20qubits/1000gadgets/Original9.qasm,1000,20,ibmq_singapore,tket
0,4437,14432,4507,686,1000,0,0,0 days 00:00:01.996402000,circuits/20qubits/1000gadgets/Original15.qasm,1000,20,ibmq_singapore,proposed
0,6966,14319,7432,996,1000,0,0,0 days 00:00:01.030731000,circuits/20qubits/1000gadgets/Original15.qasm,1000,20,ibmq_singapore,staq
0,35524,43352,36524,1000,1000,0,0,0 days 00:00:04.081256000,circuits/20qubits/1000gadgets/Original15.qasm,1000,20,ibmq_singapore,tket
0,4417,15405,4471,683,1000,0,0,0 days 00:00:02.075367000,circuits/20qubits/1000gadgets/Original5.qasm,1000,20,ibmq_singapore,proposed
0,7192,14633,7704,999,1000,0,0,0 days 00:00:01.038520000,circuits/20qubits/1000gadgets/Original5.qasm,1000,20,ibmq_singapore,staq
0,36305,43835,37303,1000,1000,0,0,0 days 00:00:04.042638000,circuits/20qubits/1000gadgets/Original5.qasm,1000,20,ibmq_singapore,tket
0,4490,14682,4580,686,1000,0,0,0 days 00:00:02.012410000,circuits/20qubits/1000gadgets/Original19.qasm,1000,20,ibmq_singapore,proposed
0,6810,14167,7313,994,1000,0,0,0 days 00:00:01.023046000,circuits/20qubits/1000gadgets/Original19.qasm,1000,20,ibmq_singapore,staq
0,36240,44614,37237,1000,1000,0,0,0 days 00:00:04.055102000,circuits/20qubits/1000gadgets/Original19.qasm,1000,20,ibmq_singapore,tket
